[{"model": "news.author", "pk": 3, "fields": {"authorUser": 1, "authorRaitng": 0}}, {"model": "news.author", "pk": 4, "fields": {"authorUser": 2, "authorRaitng": 0}}, {"model": "news.author", "pk": 5, "fields": {"authorUser": 15, "authorRaitng": 0}}, {"model": "news.author", "pk": 6, "fields": {"authorUser": 16, "authorRaitng": 0}}, {"model": "news.category", "pk": 1, "fields": {"category_name": "Еда", "subscribers": []}}, {"model": "news.category", "pk": 10, "fields": {"category_name": "IT", "subscribers": [1, 2, 15, 16]}}, {"model": "news.category", "pk": 11, "fields": {"category_name": "Car", "subscribers": []}}, {"model": "news.category", "pk": 12, "fields": {"category_name": "food", "subscribers": []}}, {"model": "news.category", "pk": 13, "fields": {"category_name": "pages", "subscribers": []}}, {"model": "news.category", "pk": 14, "fields": {"category_name": "Такси", "subscribers": [33]}}, {"model": "news.category", "pk": 15, "fields": {"category_name": "Политика", "subscribers": []}}, {"model": "news.category", "pk": 16, "fields": {"category_name": "Пельмень", "subscribers": [1]}}, {"model": "news.post", "pk": 8, "fields": {"PostAuthor": 3, "title": "Проверка Работы", "positions": "PA", "category_id": 12, "data": "2021-05-21T22:05:05.122Z", "data_update": "2021-06-17T16:53:04.060Z", "photo": "photos/def/1.jpg", "previewName": "Проверка", "text": "ПРОВЕРЯЮ КАК РАБОТАЕТ ПРОВЕРЯЮ КАК РАБОТАЕТ ПРОВЕРЯЮ КАК РАБОТАЕТ ПРОВЕРЯЮ КАК РАБОТАЕТ ПРОВЕРЯЮ КАК РАБОТАЕТ ПРОВЕРЯЮ КАК РАБОТАЕТ", "rating": 5, "public": true}}, {"model": "news.post", "pk": 11, "fields": {"PostAuthor": 4, "title": "CUBJECT", "positions": "PN", "category_id": 12, "data": "2021-05-21T23:42:58.762Z", "data_update": "2021-06-17T16:53:04.015Z", "photo": "photos/def/1.jpg", "previewName": "CUBWAY", "text": "OLOXA OLOXA OLOXA  OLOXA OLOXA  OLOXA OLOXA OLOXA OLOXA OLOXA OLOXA  OLOXA OLOXA  OLOXA OLOXA OLOXA OLOXA OLOXA OLOXA  OLOXA OLOXA  OLOXA OLOXA OLOXA OLOXA OLOXA OLOXA  OLOXA OLOXA  OLOXA OLOXA OLOXA OLOXA OLOXA OLOXA  OLOXA OLOXA  OLOXA OLOXA OLOXA OLOXA OLOXA OLOXA  OLOXA OLOXA  OLOXA OLOXA OLOXA OLOXA OLOXA OLOXA  OLOXA OLOXA  OLOXA OLOXA OLOXA OLOXA OLOXA OLOXA  OLOXA OLOXA  OLOXA OLOXA OLOXA OLOXA OLOXA OLOXA  OLOXA OLOXA  OLOXA OLOXA OLOXA OLOXA OLOXA OLOXA  OLOXA OLOXA  OLOXA OLOXA OLOXA OLOXA OLOXA OLOXA  OLOXA OLOXA  OLOXA OLOXA OLOXA  OLOXA OLOXA OLOXA  OLOXA OLOXA  OLOXA OLOXA OLOXA OLOXA OLOXA OLOXA  OLOXA OLOXA  OLOXA OLOXA OLOXA", "rating": 0, "public": true}}, {"model": "news.post", "pk": 12, "fields": {"PostAuthor": 3, "title": "Tekst", "positions": "PA", "category_id": 15, "data": "2021-05-22T12:15:33.218Z", "data_update": "2021-06-17T16:53:03.969Z", "photo": "photos/def/1.jpg", "previewName": "ТОП 10 LANGUAGE", "text": "TEXTPRODIE", "rating": 0, "public": true}}, {"model": "news.post", "pk": 13, "fields": {"PostAuthor": 5, "title": "User Text", "positions": "PN", "category_id": 14, "data": "2021-05-25T21:09:42.624Z", "data_update": "2021-06-17T16:53:03.924Z", "photo": "photos/def/1.jpg", "previewName": "Сделали новую штуку", "text": "Тестирование всех дел, да , да oloxa OLOxA", "rating": 0, "public": true}}, {"model": "news.post", "pk": 14, "fields": {"PostAuthor": 6, "title": "csgo", "positions": "PA", "category_id": 1, "data": "2021-05-26T13:38:15.546Z", "data_update": "2021-06-17T16:53:03.872Z", "photo": "photos/def/1.jpg", "previewName": "UPDATE CSGO SOURCE 2", "text": "UPDATE CSGO SOURCE 2 UPDATE CSGO SOURCE 2 UPDATE CSGO SOURCE 2 UPDATE CSGO SOURCE 2", "rating": 0, "public": true}}, {"model": "news.post", "pk": 15, "fields": {"PostAuthor": 6, "title": "Статья  о том как oloxa", "positions": "PA", "category_id": 10, "data": "2021-05-26T19:04:51.722Z", "data_update": "2021-06-17T16:52:41.539Z", "photo": "photos/def/1.jpg", "previewName": "oloxo", "text": "Да текст о том как правильно пользоваться им", "rating": 0, "public": false}}, {"model": "news.post", "pk": 16, "fields": {"PostAuthor": 4, "title": "NEWS NEWS", "positions": "PN", "category_id": 13, "data": "2021-05-26T19:05:17.350Z", "data_update": "2021-06-17T16:53:03.821Z", "photo": "photos/def/1.jpg", "previewName": "TAKE IT", "text": "FACEIT SIMPLE PRO PLAYER", "rating": 0, "public": true}}, {"model": "news.post", "pk": 17, "fields": {"PostAuthor": 5, "title": "B1T", "positions": "PA", "category_id": 10, "data": "2021-05-26T19:05:49.622Z", "data_update": "2021-06-17T16:53:03.770Z", "photo": "photos/def/1.jpg", "previewName": "NEW PLAYR NAVI", "text": "B1T NEW PLAYER NAVI WOW", "rating": 0, "public": true}}, {"model": "news.post", "pk": 18, "fields": {"PostAuthor": 5, "title": "Проверка Работы NEWS", "positions": "PA", "category_id": 14, "data": "2021-05-26T19:06:53.769Z", "data_update": "2021-06-17T16:53:03.705Z", "photo": "photos/def/1.jpg", "previewName": "LALALALALLAL", "text": "НОВАЯ СТАТЬЯ", "rating": 0, "public": true}}, {"model": "news.post", "pk": 22, "fields": {"PostAuthor": 4, "title": "Проверка Работы", "positions": "PA", "category_id": 13, "data": "2021-05-28T00:08:31.062Z", "data_update": "2021-06-17T16:53:03.656Z", "photo": "photos/def/1.jpg", "previewName": "Такой текст oloxa", "text": "Доброе oloxa", "rating": 0, "public": true}}, {"model": "news.post", "pk": 23, "fields": {"PostAuthor": 6, "title": "3ID", "positions": "PA", "category_id": 1, "data": "2021-06-02T19:10:03.255Z", "data_update": "2021-06-18T04:22:00.966Z", "photo": "photos/2021/06/17/unknown_2.png", "previewName": "Проверка", "text": "<p>fggggggggggggggggggggggggggggggggggggggggggggggggggggggggggggggggggg<img alt=\"\" src=\"/media/uploads/2021/06/18/heart.png\" style=\"height:32px; width:32px\" /></p>", "rating": 0, "public": true}}, {"model": "news.post", "pk": 30, "fields": {"PostAuthor": 5, "title": "da statia", "positions": "PA", "category_id": 10, "data": "2021-06-14T16:12:30.169Z", "data_update": "2021-06-17T16:53:03.557Z", "photo": "photos/def/1.jpg", "previewName": "Tested", "text": "Hello", "rating": 0, "public": true}}, {"model": "news.post", "pk": 31, "fields": {"PostAuthor": 4, "title": "Проверка Работы", "positions": "PN", "category_id": 15, "data": "2021-06-14T18:57:56.253Z", "data_update": "2021-06-17T16:53:03.507Z", "photo": "photos/def/1.jpg", "previewName": "vcvcv", "text": "cvcvcvc", "rating": 0, "public": true}}, {"model": "news.post", "pk": 37, "fields": {"PostAuthor": 4, "title": "2 категории", "positions": "PA", "category_id": 1, "data": "2021-06-16T19:21:35.234Z", "data_update": "2021-06-17T16:53:03.452Z", "photo": "photos/def/1.jpg", "previewName": "2 категории", "text": "2 категории", "rating": 0, "public": true}}, {"model": "news.post", "pk": 39, "fields": {"PostAuthor": 3, "title": "3ID", "positions": "PN", "category_id": 1, "data": "2021-06-16T20:03:09.384Z", "data_update": "2021-06-17T16:53:03.404Z", "photo": "photos/def/1.jpg", "previewName": "test NOW", "text": "dsdsadasdasd", "rating": 0, "public": true}}, {"model": "news.post", "pk": 40, "fields": {"PostAuthor": 3, "title": "taksi 1", "positions": "PA", "category_id": 11, "data": "2021-06-16T20:04:18.291Z", "data_update": "2021-06-17T16:53:03.358Z", "photo": "photos/def/1.jpg", "previewName": "taksi 1", "text": "taksi 1", "rating": 0, "public": true}}, {"model": "news.post", "pk": 45, "fields": {"PostAuthor": 3, "title": "gfgfdg", "positions": "PA", "category_id": 14, "data": "2021-06-16T21:24:17.322Z", "data_update": "2021-06-17T16:53:03.313Z", "photo": "photos/def/1.jpg", "previewName": "gfdgdfg", "text": "fdgdfgdfg", "rating": 0, "public": true}}, {"model": "news.post", "pk": 46, "fields": {"PostAuthor": 4, "title": "Politic1", "positions": "PA", "category_id": 15, "data": "2021-06-16T21:26:28.076Z", "data_update": "2021-06-17T16:53:03.267Z", "photo": "photos/def/1.jpg", "previewName": "Politic1", "text": "Politic1", "rating": 0, "public": true}}, {"model": "news.post", "pk": 47, "fields": {"PostAuthor": 4, "title": "Politic2", "positions": "PA", "category_id": 15, "data": "2021-06-16T21:26:44.381Z", "data_update": "2021-06-17T16:53:03.215Z", "photo": "photos/2021/06/17/56164562708f5f50b1a457629b19890f.jpg", "previewName": "Politic2", "text": "Politic2", "rating": 0, "public": true}}, {"model": "news.post", "pk": 48, "fields": {"PostAuthor": 4, "title": "test", "positions": "PA", "category_id": 15, "data": "2021-06-17T02:59:28.263Z", "data_update": "2021-06-17T16:53:03.166Z", "photo": "photos/def/1.jpg", "previewName": "test", "text": "test", "rating": 0, "public": true}}, {"model": "news.post", "pk": 49, "fields": {"PostAuthor": 4, "title": "Море", "positions": "PA", "category_id": 13, "data": "2021-06-17T14:56:57.217Z", "data_update": "2021-07-01T19:49:49.560Z", "photo": "photos/2021/06/18/13f140e48a4f76a3bce1c08baf67bf6b-farm-workers-03-vector.png", "previewName": "Сосны обступали тропу плотно, и, хотя истыканное их верхушками небо светилось голубым, в лесу было сумрачно. По тропинке вперёд", "text": "Сосны обступали тропу плотно, и, хотя истыканное их верхушками небо светилось голубым, в лесу было сумрачно. По тропинке вперёд бежали муравьи, большие, красные, по своим каким-то муравьиным делам.\r\n– Смотри, пап, им с нами по пути! – сказала Таня. – Наверное, они тоже на пляж собрались!\r\nПапа улыбнулся ей сверху.\r\n– Если бы не ты, я бы и забыл уже, что они существуют вообще, муравьи. Пойдём, не застревай.\r\nНо Тане непременно нужно было узнать, зачем муравьям к морю, и она всё время приставала к ним взглядом.\r\nИ вот выяснилось: им не к морю нужно было. Добежав, они облепляли большого рогатого жука, которого на этой же тропе к морю кто-то раздавил, и он теперь лежал тут подобравшись, а муравьи тормошили его и разбирали на части. У жука Таня остановилась на бесконечную минуту и отошла от него уже не восторженная, а раздумчивая.\r\nПотом сосны отступили, рассвело – и перед Таней открылся огромный мир: от одного его края до другого шла широкая песчаная лента, за ней зеленело плоское море, а сверху этот мир был накрыт небом, о глубине которого можно было только догадываться по кажущимся крохотными облакам.\r\nПроведя Таню через лес, папа отпустил её руку и пошёл мочить ступни в спокойной воде. Ветер дул Тане в лицо, как дуют на царапину, чтобы не болело; но у Тани болело.\r\nОна нагнала отца до того, как он успел зайти в воду.\r\n– Пап, а ты ведь ещё не скоро умрёшь? – спросила она.\r\nПапа улыбнулся.\r\n– Не скоро, – пообещал он. – Я вроде не такой уж и старый.\r\n– Ну всё-таки довольно старый уже…\r\nТаня подумала и решила.\r\n– Ты не умрёшь, пап. Я, когда вырасту, стану учёным, сделаю лекарство от смерти, и тебе не надо будет умирать.\r\n– Договорились!\r\nОтец, стараясь не смеяться, пожал ей руку – как мужчины друг другу жмут – и вошёл в море.", "rating": 18, "public": true}}, {"model": "news.post", "pk": 52, "fields": {"PostAuthor": 4, "title": "Post in table", "positions": "PA", "category_id": 10, "data": "2021-06-18T02:12:45.710Z", "data_update": "2021-06-19T22:04:12.884Z", "photo": "/photos/def/1.jpg/", "previewName": "Post in table", "text": "Post in table", "rating": 0, "public": true}}, {"model": "news.post", "pk": 53, "fields": {"PostAuthor": 4, "title": "Проверка фото", "positions": "PN", "category_id": 15, "data": "2021-06-18T02:57:38.799Z", "data_update": "2021-06-19T22:04:12.017Z", "photo": "photos/2021/06/18/3dЛичико.jpg", "previewName": "Проверка фото", "text": "<p>Проверка фото<img alt=\"\" src=\"/media/uploads/2021/06/18/heart.png\" style=\"height:32px; width:32px\" /></p>", "rating": 0, "public": true}}, {"model": "news.post", "pk": 159, "fields": {"PostAuthor": 3, "title": "def get_success_url(self):         return reverse(", "positions": "PN", "category_id": 10, "data": "2021-06-26T19:04:22.916Z", "data_update": "2021-06-26T19:04:22.916Z", "photo": "/photos/def/1.jpg/", "previewName": "def get_success_url(self):         return reverse('news/', kwargs={'pk': self.object.pk})", "text": "def get_success_url(self):\r\n        return reverse('news/', kwargs={'pk': self.object.pk})", "rating": 0, "public": true}}, {"model": "news.post", "pk": 160, "fields": {"PostAuthor": 4, "title": "<a href=\"http://127.0.0.1:8000/{% url 'news_detail", "positions": "PN", "category_id": 15, "data": "2021-06-27T00:16:43.350Z", "data_update": "2021-06-27T00:16:43.350Z", "photo": "/photos/def/1.jpg/", "previewName": "<a href=\"http://127.0.0.1:8000/{% url 'news_detail' post.id %}\">...</a>", "text": "<a href=\"http://127.0.0.1:8000/{% url 'news_detail' post.id %}\">...</a>", "rating": 0, "public": true}}, {"model": "news.post", "pk": 161, "fields": {"PostAuthor": 4, "title": "<a href=\"http://127.0.0.1:8000/{% url 'news_detail", "positions": "PN", "category_id": 15, "data": "2021-06-27T00:17:30.748Z", "data_update": "2021-06-27T00:17:30.748Z", "photo": "/photos/def/1.jpg/", "previewName": "<a href=\"http://127.0.0.1:8000/{% url 'news_detail' post.id %}\">...</a>", "text": "<a href=\"http://127.0.0.1:8000/{% url 'news_detail' post.id %}\">...</a>", "rating": 0, "public": true}}, {"model": "news.post", "pk": 162, "fields": {"PostAuthor": 3, "title": "<a href=\"http://127.0.0.1:8000/{% url 'news_detail", "positions": "PN", "category_id": 15, "data": "2021-06-27T00:19:36.592Z", "data_update": "2021-06-27T00:19:36.592Z", "photo": "/photos/def/1.jpg/", "previewName": "<a href=\"http://127.0.0.1:8000/{% url 'news_detail' post.id %}\">...</a>", "text": "<a href=\"http://127.0.0.1:8000/{% url 'news_detail' post.id %}\">...</a>", "rating": 0, "public": false}}, {"model": "news.post", "pk": 163, "fields": {"PostAuthor": 3, "title": "<a href=\"http://127.0.0.1:8000/{% url 'news_detail", "positions": "PN", "category_id": 15, "data": "2021-06-27T00:20:14.342Z", "data_update": "2021-06-27T00:20:14.342Z", "photo": "/photos/def/1.jpg/", "previewName": "<a href=\"http://127.0.0.1:8000/{% url 'news_detail' post.id %}\">...</a>", "text": "<a href=\"http://127.0.0.1:8000/{% url 'news_detail' post.id %}\">...</a>", "rating": 0, "public": false}}, {"model": "news.post", "pk": 164, "fields": {"PostAuthor": 3, "title": "<a href=\"http://127.0.0.1:8000/{% url 'news_detail", "positions": "PN", "category_id": 15, "data": "2021-06-27T00:20:39.483Z", "data_update": "2021-06-27T00:20:39.483Z", "photo": "/photos/def/1.jpg/", "previewName": "<a href=\"http://127.0.0.1:8000/{% url 'news_detail' post.id %}\">...</a>", "text": "<a href=\"http://127.0.0.1:8000/{% url 'news_detail' post.id %}\">...</a>", "rating": 0, "public": false}}, {"model": "news.post", "pk": 165, "fields": {"PostAuthor": 3, "title": "<a href=\"http://127.0.0.1:8000/{% url 'news_detail", "positions": "PN", "category_id": 15, "data": "2021-06-27T00:21:37.273Z", "data_update": "2021-06-27T00:21:37.273Z", "photo": "/photos/def/1.jpg/", "previewName": "<a href=\"http://127.0.0.1:8000/{% url 'news_detail' post.id %}\">...</a>", "text": "<a href=\"http://127.0.0.1:8000/{% url 'news_detail' post.id %}\">...</a>", "rating": 0, "public": false}}, {"model": "news.post", "pk": 166, "fields": {"PostAuthor": 3, "title": "<a href=\"http://127.0.0.1:8000/{% url 'news_detail", "positions": "PN", "category_id": 15, "data": "2021-06-27T00:22:09.722Z", "data_update": "2021-06-27T00:22:09.722Z", "photo": "/photos/def/1.jpg/", "previewName": "<a href=\"http://127.0.0.1:8000/{% url 'news_detail' post.id %}\">...</a>", "text": "<a href=\"http://127.0.0.1:8000/{% url 'news_detail' post.id %}\">...</a>", "rating": 0, "public": false}}, {"model": "news.post", "pk": 167, "fields": {"PostAuthor": 3, "title": "<a href=\"http://127.0.0.1:8000/{% url 'news_detail", "positions": "PN", "category_id": 15, "data": "2021-06-27T00:22:17.820Z", "data_update": "2021-06-27T00:22:17.820Z", "photo": "/photos/def/1.jpg/", "previewName": "<a href=\"http://127.0.0.1:8000/{% url 'news_detail' post.id %}\">...</a>", "text": "<a href=\"http://127.0.0.1:80f00/{% url 'news_detail' post.id %}\">...</a>", "rating": 0, "public": false}}, {"model": "news.post", "pk": 168, "fields": {"PostAuthor": 3, "title": "<a href=\"http://127.0.0.1:8000/{% url 'news_detail", "positions": "PN", "category_id": 15, "data": "2021-06-27T00:22:50.826Z", "data_update": "2021-06-27T00:22:50.826Z", "photo": "/photos/def/1.jpg/", "previewName": "<a href=\"http://127.0.0.1:8000/{% url 'news_detail' post.id %}\">...</a>", "text": "<a href=\"http://127.0.0.1:80f00/{% url 'news_detail' post.id %}\">...</a>", "rating": 0, "public": false}}, {"model": "news.post", "pk": 169, "fields": {"PostAuthor": 3, "title": "<a href=\"http://127.0.0.1:8000/{% url 'news_detail", "positions": "PN", "category_id": 10, "data": "2021-06-27T00:22:56.578Z", "data_update": "2021-06-27T00:22:56.578Z", "photo": "/photos/def/1.jpg/", "previewName": "<a href=\"http://127.0.0.1:8000/{% url 'news_detail' post.id %}\">...</a>", "text": "<a href=\"http://127.0.0.1:80f00/{% url 'news_detail' post.id %}\">...</a>", "rating": 0, "public": false}}, {"model": "news.post", "pk": 170, "fields": {"PostAuthor": 3, "title": "<a href=\"http://127.0.0.1:8000/{% url 'news_detail", "positions": "PN", "category_id": 10, "data": "2021-06-27T00:23:18.094Z", "data_update": "2021-06-27T00:23:18.094Z", "photo": "/photos/def/1.jpg/", "previewName": "<a href=\"http://127.0.0.1:8000/{% url 'news_detail' post.id %}\">...</a>", "text": "<a href=\"http://127.0.0.1:80f00/{% url 'news_detail' post.id %}\">...</a>", "rating": 0, "public": false}}, {"model": "news.post", "pk": 171, "fields": {"PostAuthor": 3, "title": "<a href=\"http://127.0.0.1:8000/{% url 'news_detail", "positions": "PN", "category_id": 10, "data": "2021-06-27T00:23:45.763Z", "data_update": "2021-06-27T00:23:45.763Z", "photo": "/photos/def/1.jpg/", "previewName": "<a href=\"http://127.0.0.1:8000/{% url 'news_detail' post.id %}\">...</a>", "text": "fsdf", "rating": 0, "public": false}}, {"model": "news.post", "pk": 172, "fields": {"PostAuthor": 3, "title": "<a href=\"http://127.0.0.1:8000/{% url 'news_detail", "positions": "PN", "category_id": 15, "data": "2021-06-27T00:23:57.453Z", "data_update": "2021-06-27T00:23:57.453Z", "photo": "/photos/def/1.jpg/", "previewName": "<a href=\"http://127.0.0.1:8000/{% url 'news_detail' post.id %}\">...</a>", "text": "fsdf", "rating": 0, "public": false}}, {"model": "news.post", "pk": 173, "fields": {"PostAuthor": 3, "title": "<a href=\"http://127.0.0.1:8000/{% url 'news_detail", "positions": "PN", "category_id": 15, "data": "2021-06-27T00:25:24.831Z", "data_update": "2021-06-27T00:25:24.831Z", "photo": "/photos/def/1.jpg/", "previewName": "<a href=\"http://127.0.0.1:8000/{% url 'news_detail' post.id %}\">...</a>", "text": "fsdf", "rating": 0, "public": false}}, {"model": "news.post", "pk": 174, "fields": {"PostAuthor": 3, "title": "dfdsfds", "positions": "PN", "category_id": 15, "data": "2021-06-27T00:26:48.499Z", "data_update": "2021-06-27T00:26:48.499Z", "photo": "/photos/def/1.jpg/", "previewName": "dfdsfds", "text": "fsdf", "rating": 0, "public": false}}, {"model": "news.post", "pk": 175, "fields": {"PostAuthor": 3, "title": "dfdsfds", "positions": "PN", "category_id": 15, "data": "2021-06-27T00:30:15.812Z", "data_update": "2021-06-27T00:30:15.812Z", "photo": "/photos/def/1.jpg/", "previewName": "dfdsfds", "text": "fsdf", "rating": 0, "public": false}}, {"model": "news.post", "pk": 176, "fields": {"PostAuthor": 3, "title": "dfdsfds", "positions": "PN", "category_id": 15, "data": "2021-06-27T00:30:45.110Z", "data_update": "2021-06-27T00:30:45.110Z", "photo": "/photos/def/1.jpg/", "previewName": "dfdsfds", "text": "fsdf", "rating": 0, "public": false}}, {"model": "news.post", "pk": 177, "fields": {"PostAuthor": 3, "title": "dfdsfds", "positions": "PN", "category_id": 15, "data": "2021-06-27T00:31:01.004Z", "data_update": "2021-06-27T00:31:01.004Z", "photo": "/photos/def/1.jpg/", "previewName": "dfdsfds", "text": "fsdf", "rating": 0, "public": false}}, {"model": "news.post", "pk": 178, "fields": {"PostAuthor": 3, "title": "dfdsfds", "positions": "PN", "category_id": 15, "data": "2021-06-27T00:31:22.276Z", "data_update": "2021-06-27T00:31:22.276Z", "photo": "/photos/def/1.jpg/", "previewName": "dfdsfds", "text": "fsdf", "rating": 0, "public": false}}, {"model": "news.post", "pk": 179, "fields": {"PostAuthor": 3, "title": "dfdsfds", "positions": "PN", "category_id": 15, "data": "2021-06-27T00:31:48.981Z", "data_update": "2021-06-27T00:31:48.981Z", "photo": "/photos/def/1.jpg/", "previewName": "dfdsfds", "text": "fsdf", "rating": 0, "public": false}}, {"model": "news.post", "pk": 180, "fields": {"PostAuthor": 3, "title": "dfdsfds", "positions": "PN", "category_id": 15, "data": "2021-06-27T00:32:06.981Z", "data_update": "2021-06-27T00:32:06.981Z", "photo": "/photos/def/1.jpg/", "previewName": "dfdsfds", "text": "fsdf", "rating": 0, "public": false}}, {"model": "news.post", "pk": 181, "fields": {"PostAuthor": 3, "title": "dfdsfds", "positions": "PN", "category_id": 15, "data": "2021-06-27T00:34:01.513Z", "data_update": "2021-06-27T00:34:01.513Z", "photo": "/photos/def/1.jpg/", "previewName": "dfdsfds", "text": "fsdf", "rating": 0, "public": false}}, {"model": "news.post", "pk": 182, "fields": {"PostAuthor": 3, "title": "dfdsfds", "positions": "PN", "category_id": 15, "data": "2021-06-27T00:34:38.611Z", "data_update": "2021-06-27T00:34:38.611Z", "photo": "/photos/def/1.jpg/", "previewName": "dfdsfds", "text": "fsdf", "rating": 0, "public": false}}, {"model": "news.post", "pk": 183, "fields": {"PostAuthor": 3, "title": "dfdsfds", "positions": "PN", "category_id": 15, "data": "2021-06-27T00:35:36.455Z", "data_update": "2021-06-27T00:35:36.455Z", "photo": "/photos/def/1.jpg/", "previewName": "dfdsfds", "text": "fsdf", "rating": 0, "public": false}}, {"model": "news.post", "pk": 184, "fields": {"PostAuthor": 3, "title": "dfdsfds", "positions": "PN", "category_id": 15, "data": "2021-06-27T00:35:46.756Z", "data_update": "2021-06-27T00:35:46.756Z", "photo": "/photos/def/1.jpg/", "previewName": "dfdsfds", "text": "fsdf", "rating": 0, "public": false}}, {"model": "news.post", "pk": 185, "fields": {"PostAuthor": 3, "title": "dfdsfds", "positions": "PN", "category_id": 15, "data": "2021-06-27T00:35:58.359Z", "data_update": "2021-06-27T00:35:58.359Z", "photo": "/photos/def/1.jpg/", "previewName": "dfdsfds", "text": "fsdf", "rating": 0, "public": false}}, {"model": "news.post", "pk": 186, "fields": {"PostAuthor": 3, "title": "dfdsfds", "positions": "PN", "category_id": 15, "data": "2021-06-27T00:36:23.373Z", "data_update": "2021-06-27T00:36:23.373Z", "photo": "/photos/def/1.jpg/", "previewName": "dfdsfds", "text": "fsdf", "rating": 0, "public": false}}, {"model": "news.post", "pk": 187, "fields": {"PostAuthor": 3, "title": "dfdsfds", "positions": "PN", "category_id": 15, "data": "2021-06-27T00:44:35.459Z", "data_update": "2021-06-27T00:44:35.459Z", "photo": "/photos/def/1.jpg/", "previewName": "dfdsfds", "text": "fsdf", "rating": 0, "public": false}}, {"model": "news.post", "pk": 188, "fields": {"PostAuthor": 3, "title": "dfdsfds", "positions": "PN", "category_id": 15, "data": "2021-06-27T00:46:13.827Z", "data_update": "2021-06-27T00:46:13.827Z", "photo": "/photos/def/1.jpg/", "previewName": "dfdsfds", "text": "fsdf", "rating": 0, "public": false}}, {"model": "news.post", "pk": 189, "fields": {"PostAuthor": 3, "title": "dfdsfds", "positions": "PN", "category_id": 15, "data": "2021-06-27T00:49:02.951Z", "data_update": "2021-06-27T00:49:02.987Z", "photo": "/photos/def/1.jpg/", "previewName": "dfdsfds", "text": "fsdf", "rating": 0, "public": false}}, {"model": "news.post", "pk": 190, "fields": {"PostAuthor": 3, "title": "dfdsfds", "positions": "PN", "category_id": 15, "data": "2021-06-27T00:49:44.789Z", "data_update": "2021-06-27T00:49:44.847Z", "photo": "/photos/def/1.jpg/", "previewName": "dfdsfds", "text": "fsdf", "rating": 0, "public": false}}, {"model": "news.post", "pk": 191, "fields": {"PostAuthor": 3, "title": "dfdsfds", "positions": "PN", "category_id": 15, "data": "2021-06-27T00:49:55.069Z", "data_update": "2021-06-27T00:49:55.117Z", "photo": "/photos/def/1.jpg/", "previewName": "dfdsfds", "text": "fsdf", "rating": 0, "public": true}}, {"model": "news.post", "pk": 192, "fields": {"PostAuthor": 3, "title": "dfdsfds", "positions": "PN", "category_id": 15, "data": "2021-06-27T00:50:49.332Z", "data_update": "2021-06-27T00:50:49.412Z", "photo": "/photos/def/1.jpg/", "previewName": "dfdsfds", "text": "fsdf", "rating": 0, "public": false}}, {"model": "news.post", "pk": 193, "fields": {"PostAuthor": 3, "title": "dfdsfds", "positions": "PN", "category_id": 15, "data": "2021-06-27T00:55:32.934Z", "data_update": "2021-06-27T00:55:32.934Z", "photo": "/photos/def/1.jpg/", "previewName": "dfdsfds", "text": "fsdf", "rating": 0, "public": false}}, {"model": "news.post", "pk": 194, "fields": {"PostAuthor": 3, "title": "dfdsfds", "positions": "PN", "category_id": 15, "data": "2021-06-27T00:56:31.931Z", "data_update": "2021-06-27T00:56:31.931Z", "photo": "/photos/def/1.jpg/", "previewName": "dfdsfds", "text": "fsdf", "rating": 0, "public": false}}, {"model": "news.post", "pk": 195, "fields": {"PostAuthor": 3, "title": "dfdsfds", "positions": "PN", "category_id": 15, "data": "2021-06-27T00:56:40.733Z", "data_update": "2021-06-27T00:56:40.733Z", "photo": "/photos/def/1.jpg/", "previewName": "dfdsfds", "text": "fsdf", "rating": 0, "public": false}}, {"model": "news.post", "pk": 196, "fields": {"PostAuthor": 3, "title": "dfdsfds", "positions": "PN", "category_id": 15, "data": "2021-06-27T00:57:08.697Z", "data_update": "2021-06-27T00:57:08.697Z", "photo": "/photos/def/1.jpg/", "previewName": "dfdsfds", "text": "fsdf", "rating": 0, "public": false}}, {"model": "news.post", "pk": 197, "fields": {"PostAuthor": 3, "title": "dfdsfds", "positions": "PN", "category_id": 15, "data": "2021-06-27T00:57:46.215Z", "data_update": "2021-06-27T00:57:46.215Z", "photo": "/photos/def/1.jpg/", "previewName": "dfdsfds", "text": "fsdf", "rating": 0, "public": false}}, {"model": "news.post", "pk": 198, "fields": {"PostAuthor": 3, "title": "dfdsfds", "positions": "PN", "category_id": 15, "data": "2021-06-27T00:58:01.324Z", "data_update": "2021-06-27T00:58:01.324Z", "photo": "/photos/def/1.jpg/", "previewName": "dfdsfds", "text": "fsdf", "rating": 0, "public": false}}, {"model": "news.post", "pk": 199, "fields": {"PostAuthor": 6, "title": "subscribers", "positions": "PA", "category_id": 15, "data": "2021-06-27T00:58:32.040Z", "data_update": "2021-06-27T00:58:32.040Z", "photo": "/photos/def/1.jpg/", "previewName": "subscribers", "text": "subscribers", "rating": 0, "public": false}}, {"model": "news.post", "pk": 200, "fields": {"PostAuthor": 6, "title": "subscribers", "positions": "PA", "category_id": 15, "data": "2021-06-27T00:58:49.462Z", "data_update": "2021-06-27T00:58:49.462Z", "photo": "/photos/def/1.jpg/", "previewName": "subscribers", "text": "subscribers", "rating": 0, "public": false}}, {"model": "news.post", "pk": 201, "fields": {"PostAuthor": 6, "title": "subscribers", "positions": "PA", "category_id": 15, "data": "2021-06-27T00:58:59.324Z", "data_update": "2021-06-27T00:58:59.324Z", "photo": "/photos/def/1.jpg/", "previewName": "subscribers", "text": "subscribers", "rating": 0, "public": false}}, {"model": "news.post", "pk": 202, "fields": {"PostAuthor": 6, "title": "subscribers", "positions": "PA", "category_id": 15, "data": "2021-06-27T01:00:27.737Z", "data_update": "2021-06-27T01:00:27.800Z", "photo": "/photos/def/1.jpg/", "previewName": "subscribers", "text": "subscribers", "rating": 0, "public": false}}, {"model": "news.post", "pk": 203, "fields": {"PostAuthor": 6, "title": "subscribers", "positions": "PA", "category_id": 15, "data": "2021-06-27T01:00:47.584Z", "data_update": "2021-06-27T01:00:47.648Z", "photo": "/photos/def/1.jpg/", "previewName": "subscribers", "text": "subscribers", "rating": 0, "public": true}}, {"model": "news.post", "pk": 204, "fields": {"PostAuthor": 6, "title": "subscribers", "positions": "PA", "category_id": 15, "data": "2021-06-27T01:01:22.314Z", "data_update": "2021-06-27T01:01:22.359Z", "photo": "/photos/def/1.jpg/", "previewName": "subscribers", "text": "subscribers", "rating": 0, "public": false}}, {"model": "news.post", "pk": 205, "fields": {"PostAuthor": 6, "title": "subscribers", "positions": "PA", "category_id": 15, "data": "2021-06-27T01:01:24.078Z", "data_update": "2021-06-27T01:01:24.129Z", "photo": "/photos/def/1.jpg/", "previewName": "subscribers", "text": "subscribers", "rating": 0, "public": false}}, {"model": "news.post", "pk": 206, "fields": {"PostAuthor": 6, "title": "subscribers", "positions": "PA", "category_id": 15, "data": "2021-06-27T01:01:28.032Z", "data_update": "2021-06-27T01:01:28.079Z", "photo": "/photos/def/1.jpg/", "previewName": "subscribers", "text": "subscribers", "rating": 0, "public": false}}, {"model": "news.post", "pk": 207, "fields": {"PostAuthor": 6, "title": "subscribers", "positions": "PA", "category_id": 15, "data": "2021-06-27T01:02:33.648Z", "data_update": "2021-06-27T01:02:33.648Z", "photo": "/photos/def/1.jpg/", "previewName": "subscribers", "text": "subscribers", "rating": 0, "public": false}}, {"model": "news.post", "pk": 208, "fields": {"PostAuthor": 6, "title": "subscribers", "positions": "PA", "category_id": 15, "data": "2021-06-27T01:02:51.046Z", "data_update": "2021-06-27T01:02:51.046Z", "photo": "/photos/def/1.jpg/", "previewName": "subscribers", "text": "subscribers", "rating": 0, "public": false}}, {"model": "news.post", "pk": 209, "fields": {"PostAuthor": 6, "title": "subscribers", "positions": "PA", "category_id": 15, "data": "2021-06-27T01:03:32.675Z", "data_update": "2021-06-27T01:03:32.675Z", "photo": "/photos/def/1.jpg/", "previewName": "subscribers", "text": "subscribers", "rating": 0, "public": false}}, {"model": "news.post", "pk": 210, "fields": {"PostAuthor": 6, "title": "subscribers", "positions": "PA", "category_id": 15, "data": "2021-06-27T01:03:43.942Z", "data_update": "2021-06-27T01:03:43.942Z", "photo": "/photos/def/1.jpg/", "previewName": "subscribers", "text": "subscribers", "rating": 0, "public": false}}, {"model": "news.post", "pk": 211, "fields": {"PostAuthor": 6, "title": "subscribers", "positions": "PA", "category_id": 15, "data": "2021-06-27T01:03:59.209Z", "data_update": "2021-06-27T01:03:59.209Z", "photo": "/photos/def/1.jpg/", "previewName": "subscribers", "text": "subscribers", "rating": 0, "public": false}}, {"model": "news.post", "pk": 212, "fields": {"PostAuthor": 4, "title": "subscribers", "positions": "PA", "category_id": 15, "data": "2021-06-27T01:04:43.855Z", "data_update": "2021-06-27T01:04:43.855Z", "photo": "/photos/def/1.jpg/", "previewName": "subscribers", "text": "subscribers", "rating": 0, "public": true}}, {"model": "news.post", "pk": 213, "fields": {"PostAuthor": 4, "title": "subscribers", "positions": "PA", "category_id": 15, "data": "2021-06-27T01:06:05.810Z", "data_update": "2021-06-27T01:06:05.810Z", "photo": "/photos/def/1.jpg/", "previewName": "subscribers", "text": "subscribers", "rating": 0, "public": true}}, {"model": "news.post", "pk": 214, "fields": {"PostAuthor": 4, "title": "subscribers", "positions": "PA", "category_id": 15, "data": "2021-06-27T01:06:20.682Z", "data_update": "2021-06-27T01:06:20.682Z", "photo": "/photos/def/1.jpg/", "previewName": "subscribers", "text": "subscribers", "rating": 0, "public": true}}, {"model": "news.post", "pk": 215, "fields": {"PostAuthor": 4, "title": "subscribers", "positions": "PA", "category_id": 15, "data": "2021-06-27T01:06:57.688Z", "data_update": "2021-06-27T01:06:57.688Z", "photo": "/photos/def/1.jpg/", "previewName": "subscribers", "text": "subscribers", "rating": 0, "public": true}}, {"model": "news.post", "pk": 216, "fields": {"PostAuthor": 4, "title": "subscribers", "positions": "PA", "category_id": 15, "data": "2021-06-27T01:07:06.265Z", "data_update": "2021-06-27T01:07:06.265Z", "photo": "/photos/def/1.jpg/", "previewName": "subscribers", "text": "subscribers", "rating": 0, "public": true}}, {"model": "news.post", "pk": 217, "fields": {"PostAuthor": 4, "title": "subscribers", "positions": "PA", "category_id": 15, "data": "2021-06-27T01:07:13.896Z", "data_update": "2021-06-27T01:07:13.896Z", "photo": "/photos/def/1.jpg/", "previewName": "subscribers", "text": "subscribers", "rating": 0, "public": true}}, {"model": "news.post", "pk": 218, "fields": {"PostAuthor": 4, "title": "subscribers", "positions": "PA", "category_id": 15, "data": "2021-06-27T01:07:57.397Z", "data_update": "2021-06-27T01:07:57.397Z", "photo": "/photos/def/1.jpg/", "previewName": "subscribers", "text": "subscribers", "rating": 0, "public": true}}, {"model": "news.post", "pk": 219, "fields": {"PostAuthor": 4, "title": "subscribers", "positions": "PA", "category_id": 15, "data": "2021-06-27T01:09:03.784Z", "data_update": "2021-06-27T01:09:03.784Z", "photo": "/photos/def/1.jpg/", "previewName": "subscribers", "text": "subscribers", "rating": 0, "public": true}}, {"model": "news.post", "pk": 224, "fields": {"PostAuthor": 6, "title": "Instance", "positions": "PN", "category_id": 15, "data": "2021-06-27T13:05:03.542Z", "data_update": "2021-06-27T13:05:03.542Z", "photo": "/photos/def/1.jpg/", "previewName": "Instance", "text": "Instance", "rating": 0, "public": false}}, {"model": "news.post", "pk": 225, "fields": {"PostAuthor": 6, "title": "Instance", "positions": "PN", "category_id": 15, "data": "2021-06-27T13:05:03.956Z", "data_update": "2021-06-27T13:05:03.956Z", "photo": "/photos/def/1.jpg/", "previewName": "Instance", "text": "Instance", "rating": 0, "public": false}}, {"model": "news.post", "pk": 226, "fields": {"PostAuthor": 3, "title": "ПУТЯМИ ДОБРОТЫ", "positions": "PA", "category_id": 15, "data": "2021-06-27T13:09:05.159Z", "data_update": "2021-06-27T13:09:05.159Z", "photo": "photos/2021/06/27/20210625_1213011.jpg", "previewName": "Когда человек сознательно или интуитивно выбирает себе в жизни какую-то цель, жизненную задачу, он невольно дает себе оценку. По", "text": "Когда человек сознательно или интуитивно выбирает себе в жизни какую-то цель, жизненную задачу, он невольно дает себе оценку. По тому, ради чего человек живет, можно судить и о его самооценке - низкой или высокой.\r\n\r\nЕсли человек живет, чтобы приносить людям добро, облегчать их страдания, давать людям радость, то он оценивает себя на уровне этой своей человечности. Он ставит себе цель, достойную человека.\r\n\r\nТолько такая цель позволяет человеку прожить свою жизнь с достоинством и получить настоящую радость. Да, радость! Подумайте: если человек ставит себе задачей увеличивать в жизни добро, приносить людям счастье, какие неудачи могут его постигнуть? Не тому помочь? Но много ли людей не нуждаются в помощи?\r\n\r\nЕсли жить только для себя, своими мелкими заботами о собственном благополучии, то от прожитого не останется и следа. Если же жить для других, то другие сберегут то, чему служил, чему отдавал силы.\r\n\r\nМожно по-разному определять цель своего существования, но цель должна быть. Надо иметь и принципы в жизни. Одно правило в жизни должно быть у каждого человека, в его цели жизни, в его принципах жизни, в его поведении: надо прожить жизнь с достоинством, чтобы не стыдно было вспоминать.\r\n\r\nДостоинство требует доброты, великодушия, умения не быть эгоистом, быть правдивым, хорошим другом, находить радость в помощи другим.\r\n\r\nРади достоинства жизни надо уметь отказываться от мелких удовольствий и немалых тоже… Уметь извиняться, признавать перед другими ошибку - лучше, чем врать.\r\n\r\nОбманывая, человек прежде всего обманывает самого себя, ибо он думает, что успешно соврал, а люди поняли и из деликатности промолчали.\r\n\r\nЖизнь - прежде всего творчество, но это не значит, что каждый человек, чтобы жить, должен родиться художником, балериной или ученым. Можно творить просто добрую атмосферу вокруг себя. Человек может принести с собой атмосферу подозрительности, какого-то тягостного молчания, а может внести сразу радость, свет. Вот это и есть творчество.", "rating": 0, "public": false}}, {"model": "news.post", "pk": 227, "fields": {"PostAuthor": 3, "title": "ПУТЯМИ ДОБРОТЫ", "positions": "PA", "category_id": 15, "data": "2021-06-27T13:09:36.666Z", "data_update": "2021-06-27T13:09:36.666Z", "photo": "photos/2021/06/27/20210625_1213011_VgYAX1k.jpg", "previewName": "Когда человек сознательно или интуитивно выбирает себе в жизни какую-то цель, жизненную задачу, он невольно дает себе оценку. По", "text": "Когда человек сознательно или интуитивно выбирает себе в жизни какую-то цель, жизненную задачу, он невольно дает себе оценку. По тому, ради чего человек живет, можно судить и о его самооценке - низкой или высокой.\r\n\r\nЕсли человек живет, чтобы приносить людям добро, облегчать их страдания, давать людям радость, то он оценивает себя на уровне этой своей человечности. Он ставит себе цель, достойную человека.\r\n\r\nТолько такая цель позволяет человеку прожить свою жизнь с достоинством и получить настоящую радость. Да, радость! Подумайте: если человек ставит себе задачей увеличивать в жизни добро, приносить людям счастье, какие неудачи могут его постигнуть? Не тому помочь? Но много ли людей не нуждаются в помощи?\r\n\r\nЕсли жить только для себя, своими мелкими заботами о собственном благополучии, то от прожитого не останется и следа. Если же жить для других, то другие сберегут то, чему служил, чему отдавал силы.\r\n\r\nМожно по-разному определять цель своего существования, но цель должна быть. Надо иметь и принципы в жизни. Одно правило в жизни должно быть у каждого человека, в его цели жизни, в его принципах жизни, в его поведении: надо прожить жизнь с достоинством, чтобы не стыдно было вспоминать.\r\n\r\nДостоинство требует доброты, великодушия, умения не быть эгоистом, быть правдивым, хорошим другом, находить радость в помощи другим.\r\n\r\nРади достоинства жизни надо уметь отказываться от мелких удовольствий и немалых тоже… Уметь извиняться, признавать перед другими ошибку - лучше, чем врать.\r\n\r\nОбманывая, человек прежде всего обманывает самого себя, ибо он думает, что успешно соврал, а люди поняли и из деликатности промолчали.\r\n\r\nЖизнь - прежде всего творчество, но это не значит, что каждый человек, чтобы жить, должен родиться художником, балериной или ученым. Можно творить просто добрую атмосферу вокруг себя. Человек может принести с собой атмосферу подозрительности, какого-то тягостного молчания, а может внести сразу радость, свет. Вот это и есть творчество.", "rating": 0, "public": false}}, {"model": "news.post", "pk": 228, "fields": {"PostAuthor": 3, "title": "ПУТЯМИ ДОБРОТЫ", "positions": "PA", "category_id": 15, "data": "2021-06-27T13:09:53.588Z", "data_update": "2021-06-27T13:09:53.588Z", "photo": "photos/2021/06/27/20210625_1213011_omWHgKm.jpg", "previewName": "Когда человек сознательно или интуитивно выбирает себе в жизни какую-то цель, жизненную задачу, он невольно дает себе оценку. По", "text": "Когда человек сознательно или интуитивно выбирает себе в жизни какую-то цель, жизненную задачу, он невольно дает себе оценку. По тому, ради чего человек живет, можно судить и о его самооценке - низкой или высокой.\r\n\r\nЕсли человек живет, чтобы приносить людям добро, облегчать их страдания, давать людям радость, то он оценивает себя на уровне этой своей человечности. Он ставит себе цель, достойную человека.\r\n\r\nТолько такая цель позволяет человеку прожить свою жизнь с достоинством и получить настоящую радость. Да, радость! Подумайте: если человек ставит себе задачей увеличивать в жизни добро, приносить людям счастье, какие неудачи могут его постигнуть? Не тому помочь? Но много ли людей не нуждаются в помощи?\r\n\r\nЕсли жить только для себя, своими мелкими заботами о собственном благополучии, то от прожитого не останется и следа. Если же жить для других, то другие сберегут то, чему служил, чему отдавал силы.\r\n\r\nМожно по-разному определять цель своего существования, но цель должна быть. Надо иметь и принципы в жизни. Одно правило в жизни должно быть у каждого человека, в его цели жизни, в его принципах жизни, в его поведении: надо прожить жизнь с достоинством, чтобы не стыдно было вспоминать.\r\n\r\nДостоинство требует доброты, великодушия, умения не быть эгоистом, быть правдивым, хорошим другом, находить радость в помощи другим.\r\n\r\nРади достоинства жизни надо уметь отказываться от мелких удовольствий и немалых тоже… Уметь извиняться, признавать перед другими ошибку - лучше, чем врать.\r\n\r\nОбманывая, человек прежде всего обманывает самого себя, ибо он думает, что успешно соврал, а люди поняли и из деликатности промолчали.\r\n\r\nЖизнь - прежде всего творчество, но это не значит, что каждый человек, чтобы жить, должен родиться художником, балериной или ученым. Можно творить просто добрую атмосферу вокруг себя. Человек может принести с собой атмосферу подозрительности, какого-то тягостного молчания, а может внести сразу радость, свет. Вот это и есть творчество.", "rating": 0, "public": false}}, {"model": "news.post", "pk": 229, "fields": {"PostAuthor": 3, "title": "ПУТЯМИ ДОБРОТЫ", "positions": "PA", "category_id": 15, "data": "2021-06-27T13:10:08.463Z", "data_update": "2021-06-27T13:10:08.463Z", "photo": "photos/2021/06/27/20210625_1213011_Zeojpz8.jpg", "previewName": "Когда человек сознательно или интуитивно выбирает себе в жизни какую-то цель, жизненную задачу, он невольно дает себе оценку. По", "text": "Когда человек сознательно или интуитивно выбирает себе в жизни какую-то цель, жизненную задачу, он невольно дает себе оценку. По тому, ради чего человек живет, можно судить и о его самооценке - низкой или высокой.\r\n\r\nЕсли человек живет, чтобы приносить людям добро, облегчать их страдания, давать людям радость, то он оценивает себя на уровне этой своей человечности. Он ставит себе цель, достойную человека.\r\n\r\nТолько такая цель позволяет человеку прожить свою жизнь с достоинством и получить настоящую радость. Да, радость! Подумайте: если человек ставит себе задачей увеличивать в жизни добро, приносить людям счастье, какие неудачи могут его постигнуть? Не тому помочь? Но много ли людей не нуждаются в помощи?\r\n\r\nЕсли жить только для себя, своими мелкими заботами о собственном благополучии, то от прожитого не останется и следа. Если же жить для других, то другие сберегут то, чему служил, чему отдавал силы.\r\n\r\nМожно по-разному определять цель своего существования, но цель должна быть. Надо иметь и принципы в жизни. Одно правило в жизни должно быть у каждого человека, в его цели жизни, в его принципах жизни, в его поведении: надо прожить жизнь с достоинством, чтобы не стыдно было вспоминать.\r\n\r\nДостоинство требует доброты, великодушия, умения не быть эгоистом, быть правдивым, хорошим другом, находить радость в помощи другим.\r\n\r\nРади достоинства жизни надо уметь отказываться от мелких удовольствий и немалых тоже… Уметь извиняться, признавать перед другими ошибку - лучше, чем врать.\r\n\r\nОбманывая, человек прежде всего обманывает самого себя, ибо он думает, что успешно соврал, а люди поняли и из деликатности промолчали.\r\n\r\nЖизнь - прежде всего творчество, но это не значит, что каждый человек, чтобы жить, должен родиться художником, балериной или ученым. Можно творить просто добрую атмосферу вокруг себя. Человек может принести с собой атмосферу подозрительности, какого-то тягостного молчания, а может внести сразу радость, свет. Вот это и есть творчество.", "rating": 0, "public": false}}, {"model": "news.post", "pk": 230, "fields": {"PostAuthor": 3, "title": "ПУТЯМИ ДОБРОТЫ", "positions": "PA", "category_id": 15, "data": "2021-06-27T13:10:23.027Z", "data_update": "2021-06-27T13:10:23.027Z", "photo": "photos/2021/06/27/20210625_1213011_NMwniBj.jpg", "previewName": "Когда человек сознательно или интуитивно выбирает себе в жизни какую-то цель, жизненную задачу, он невольно дает себе оценку. По", "text": "Когда человек сознательно или интуитивно выбирает себе в жизни какую-то цель, жизненную задачу, он невольно дает себе оценку. По тому, ради чего человек живет, можно судить и о его самооценке - низкой или высокой.\r\n\r\nЕсли человек живет, чтобы приносить людям добро, облегчать их страдания, давать людям радость, то он оценивает себя на уровне этой своей человечности. Он ставит себе цель, достойную человека.\r\n\r\nТолько такая цель позволяет человеку прожить свою жизнь с достоинством и получить настоящую радость. Да, радость! Подумайте: если человек ставит себе задачей увеличивать в жизни добро, приносить людям счастье, какие неудачи могут его постигнуть? Не тому помочь? Но много ли людей не нуждаются в помощи?\r\n\r\nЕсли жить только для себя, своими мелкими заботами о собственном благополучии, то от прожитого не останется и следа. Если же жить для других, то другие сберегут то, чему служил, чему отдавал силы.\r\n\r\nМожно по-разному определять цель своего существования, но цель должна быть. Надо иметь и принципы в жизни. Одно правило в жизни должно быть у каждого человека, в его цели жизни, в его принципах жизни, в его поведении: надо прожить жизнь с достоинством, чтобы не стыдно было вспоминать.\r\n\r\nДостоинство требует доброты, великодушия, умения не быть эгоистом, быть правдивым, хорошим другом, находить радость в помощи другим.\r\n\r\nРади достоинства жизни надо уметь отказываться от мелких удовольствий и немалых тоже… Уметь извиняться, признавать перед другими ошибку - лучше, чем врать.\r\n\r\nОбманывая, человек прежде всего обманывает самого себя, ибо он думает, что успешно соврал, а люди поняли и из деликатности промолчали.\r\n\r\nЖизнь - прежде всего творчество, но это не значит, что каждый человек, чтобы жить, должен родиться художником, балериной или ученым. Можно творить просто добрую атмосферу вокруг себя. Человек может принести с собой атмосферу подозрительности, какого-то тягостного молчания, а может внести сразу радость, свет. Вот это и есть творчество.", "rating": 0, "public": false}}, {"model": "news.post", "pk": 231, "fields": {"PostAuthor": 3, "title": "ПУТЯМИ ДОБРОТЫ", "positions": "PA", "category_id": 15, "data": "2021-06-27T14:12:14.919Z", "data_update": "2021-06-27T14:12:14.919Z", "photo": "photos/2021/06/27/20210625_1213011_zQbfCXj.jpg", "previewName": "Когда человек сознательно или интуитивно выбирает себе в жизни какую-то цель, жизненную задачу, он невольно дает себе оценку. По", "text": "Когда человек сознательно или интуитивно выбирает себе в жизни какую-то цель, жизненную задачу, он невольно дает себе оценку. По тому, ради чего человек живет, можно судить и о его самооценке - низкой или высокой.\r\n\r\nЕсли человек живет, чтобы приносить людям добро, облегчать их страдания, давать людям радость, то он оценивает себя на уровне этой своей человечности. Он ставит себе цель, достойную человека.\r\n\r\nТолько такая цель позволяет человеку прожить свою жизнь с достоинством и получить настоящую радость. Да, радость! Подумайте: если человек ставит себе задачей увеличивать в жизни добро, приносить людям счастье, какие неудачи могут его постигнуть? Не тому помочь? Но много ли людей не нуждаются в помощи?\r\n\r\nЕсли жить только для себя, своими мелкими заботами о собственном благополучии, то от прожитого не останется и следа. Если же жить для других, то другие сберегут то, чему служил, чему отдавал силы.\r\n\r\nМожно по-разному определять цель своего существования, но цель должна быть. Надо иметь и принципы в жизни. Одно правило в жизни должно быть у каждого человека, в его цели жизни, в его принципах жизни, в его поведении: надо прожить жизнь с достоинством, чтобы не стыдно было вспоминать.\r\n\r\nДостоинство требует доброты, великодушия, умения не быть эгоистом, быть правдивым, хорошим другом, находить радость в помощи другим.\r\n\r\nРади достоинства жизни надо уметь отказываться от мелких удовольствий и немалых тоже… Уметь извиняться, признавать перед другими ошибку - лучше, чем врать.\r\n\r\nОбманывая, человек прежде всего обманывает самого себя, ибо он думает, что успешно соврал, а люди поняли и из деликатности промолчали.\r\n\r\nЖизнь - прежде всего творчество, но это не значит, что каждый человек, чтобы жить, должен родиться художником, балериной или ученым. Можно творить просто добрую атмосферу вокруг себя. Человек может принести с собой атмосферу подозрительности, какого-то тягостного молчания, а может внести сразу радость, свет. Вот это и есть творчество.", "rating": 0, "public": false}}, {"model": "news.post", "pk": 232, "fields": {"PostAuthor": 3, "title": "ПУТЯМИ ДОБРОТЫ", "positions": "PA", "category_id": 15, "data": "2021-06-27T14:13:41.029Z", "data_update": "2021-06-27T14:13:41.029Z", "photo": "photos/2021/06/27/20210625_1213011_qbsSU8J.jpg", "previewName": "Когда человек сознательно или интуитивно выбирает себе в жизни какую-то цель, жизненную задачу, он невольно дает себе оценку. По", "text": "Когда человек сознательно или интуитивно выбирает себе в жизни какую-то цель, жизненную задачу, он невольно дает себе оценку. По тому, ради чего человек живет, можно судить и о его самооценке - низкой или высокой.\r\n\r\nЕсли человек живет, чтобы приносить людям добро, облегчать их страдания, давать людям радость, то он оценивает себя на уровне этой своей человечности. Он ставит себе цель, достойную человека.\r\n\r\nТолько такая цель позволяет человеку прожить свою жизнь с достоинством и получить настоящую радость. Да, радость! Подумайте: если человек ставит себе задачей увеличивать в жизни добро, приносить людям счастье, какие неудачи могут его постигнуть? Не тому помочь? Но много ли людей не нуждаются в помощи?\r\n\r\nЕсли жить только для себя, своими мелкими заботами о собственном благополучии, то от прожитого не останется и следа. Если же жить для других, то другие сберегут то, чему служил, чему отдавал силы.\r\n\r\nМожно по-разному определять цель своего существования, но цель должна быть. Надо иметь и принципы в жизни. Одно правило в жизни должно быть у каждого человека, в его цели жизни, в его принципах жизни, в его поведении: надо прожить жизнь с достоинством, чтобы не стыдно было вспоминать.\r\n\r\nДостоинство требует доброты, великодушия, умения не быть эгоистом, быть правдивым, хорошим другом, находить радость в помощи другим.\r\n\r\nРади достоинства жизни надо уметь отказываться от мелких удовольствий и немалых тоже… Уметь извиняться, признавать перед другими ошибку - лучше, чем врать.\r\n\r\nОбманывая, человек прежде всего обманывает самого себя, ибо он думает, что успешно соврал, а люди поняли и из деликатности промолчали.\r\n\r\nЖизнь - прежде всего творчество, но это не значит, что каждый человек, чтобы жить, должен родиться художником, балериной или ученым. Можно творить просто добрую атмосферу вокруг себя. Человек может принести с собой атмосферу подозрительности, какого-то тягостного молчания, а может внести сразу радость, свет. Вот это и есть творчество.", "rating": 0, "public": false}}, {"model": "news.post", "pk": 233, "fields": {"PostAuthor": 3, "title": "ПУТЯМИ ДОБРОТЫ", "positions": "PA", "category_id": 15, "data": "2021-06-27T14:24:30.017Z", "data_update": "2021-06-27T14:24:30.017Z", "photo": "photos/2021/06/27/20210625_1213011_wA5aIyW.jpg", "previewName": "Когда человек сознательно или интуитивно выбирает себе в жизни какую-то цель, жизненную задачу, он невольно дает себе оценку. По", "text": "Когда человек сознательно или интуитивно выбирает себе в жизни какую-то цель, жизненную задачу, он невольно дает себе оценку. По тому, ради чего человек живет, можно судить и о его самооценке - низкой или высокой.\r\n\r\nЕсли человек живет, чтобы приносить людям добро, облегчать их страдания, давать людям радость, то он оценивает себя на уровне этой своей человечности. Он ставит себе цель, достойную человека.\r\n\r\nТолько такая цель позволяет человеку прожить свою жизнь с достоинством и получить настоящую радость. Да, радость! Подумайте: если человек ставит себе задачей увеличивать в жизни добро, приносить людям счастье, какие неудачи могут его постигнуть? Не тому помочь? Но много ли людей не нуждаются в помощи?\r\n\r\nЕсли жить только для себя, своими мелкими заботами о собственном благополучии, то от прожитого не останется и следа. Если же жить для других, то другие сберегут то, чему служил, чему отдавал силы.\r\n\r\nМожно по-разному определять цель своего существования, но цель должна быть. Надо иметь и принципы в жизни. Одно правило в жизни должно быть у каждого человека, в его цели жизни, в его принципах жизни, в его поведении: надо прожить жизнь с достоинством, чтобы не стыдно было вспоминать.\r\n\r\nДостоинство требует доброты, великодушия, умения не быть эгоистом, быть правдивым, хорошим другом, находить радость в помощи другим.\r\n\r\nРади достоинства жизни надо уметь отказываться от мелких удовольствий и немалых тоже… Уметь извиняться, признавать перед другими ошибку - лучше, чем врать.\r\n\r\nОбманывая, человек прежде всего обманывает самого себя, ибо он думает, что успешно соврал, а люди поняли и из деликатности промолчали.\r\n\r\nЖизнь - прежде всего творчество, но это не значит, что каждый человек, чтобы жить, должен родиться художником, балериной или ученым. Можно творить просто добрую атмосферу вокруг себя. Человек может принести с собой атмосферу подозрительности, какого-то тягостного молчания, а может внести сразу радость, свет. Вот это и есть творчество.", "rating": 0, "public": false}}, {"model": "news.post", "pk": 234, "fields": {"PostAuthor": 4, "title": "day7_mail", "positions": "PA", "category_id": 15, "data": "2021-06-27T14:42:07.580Z", "data_update": "2021-06-27T14:42:07.580Z", "photo": "/photos/def/1.jpg/", "previewName": "day7_mail", "text": "day7_mail", "rating": 0, "public": true}}, {"model": "news.post", "pk": 235, "fields": {"PostAuthor": 4, "title": "YDJFDSFBSF", "positions": "PN", "category_id": 15, "data": "2021-06-27T14:42:38.142Z", "data_update": "2021-06-27T14:42:38.142Z", "photo": "/photos/def/1.jpg/", "previewName": "YDJFDSFBSFYDJFDSFBSFYDJFDSFBSFYDJFDSFBSFYDJFDSFBSFYDJFDSFBSFYDJFDSFBSFYDJFDSFBSFYDJFDSFBSFYDJFDSFBSFYDJFDSFBSF", "text": "fgpdopgp[op[oupkufgpdopgp[op[oupkufgpdopgp[op[oupkufgpdopgp[op[oupkufgpdopgp[op[oupkufgpdopgp[op[oupkufgpdopgp[op[oupkufgpdopgp[op[oupku", "rating": 0, "public": false}}, {"model": "news.post", "pk": 236, "fields": {"PostAuthor": 4, "title": "YDJFDSFBSF", "positions": "PN", "category_id": 15, "data": "2021-06-27T14:47:20.691Z", "data_update": "2021-06-27T14:47:20.691Z", "photo": "/photos/def/1.jpg/", "previewName": "YDJFDSFBSFYDJFDSFBSFYDJFDSFBSFYDJFDSFBSFYDJFDSFBSFYDJFDSFBSFYDJFDSFBSFYDJFDSFBSFYDJFDSFBSFYDJFDSFBSFYDJFDSFBSF", "text": "fgpdopgp[op[oupkufgpdopgp[op[oupkufgpdopgp[op[oupkufgpdopgp[op[oupkufgpdopgp[op[oupkufgpdopgp[op[oupkufgpdopgp[op[oupkufgpdopgp[op[oupku", "rating": 0, "public": false}}, {"model": "news.post", "pk": 237, "fields": {"PostAuthor": 4, "title": "YDJFDSFBSF", "positions": "PN", "category_id": 15, "data": "2021-06-27T14:47:24.059Z", "data_update": "2021-06-27T14:47:24.059Z", "photo": "/photos/def/1.jpg/", "previewName": "YDJFDSFBSFYDJFDSFBSFYDJFDSFBSFYDJFDSFBSFYDJFDSFBSFYDJFDSFBSFYDJFDSFBSFYDJFDSFBSFYDJFDSFBSFYDJFDSFBSFYDJFDSFBSF", "text": "fgpdopgp[op[oupkufgpdopgp[op[oupkufgpdopgp[op[oupkufgpdopgp[op[oupkufgpdopgp[op[oupkufgpdopgp[op[oupkufgpdopgp[op[oupkufgpdopgp[op[oupku", "rating": 0, "public": false}}, {"model": "news.post", "pk": 238, "fields": {"PostAuthor": 4, "title": "YDJFDSFBSF", "positions": "PN", "category_id": 15, "data": "2021-06-27T14:47:27.301Z", "data_update": "2021-06-27T14:47:27.301Z", "photo": "/photos/def/1.jpg/", "previewName": "YDJFDSFBSFYDJFDSFBSFYDJFDSFBSFYDJFDSFBSFYDJFDSFBSFYDJFDSFBSFYDJFDSFBSFYDJFDSFBSFYDJFDSFBSFYDJFDSFBSFYDJFDSFBSF", "text": "fgpdopgp[op[oupkufgpdopgp[op[oupkufgpdopgp[op[oupkufgpdopgp[op[oupkufgpdopgp[op[oupkufgpdopgp[op[oupkufgpdopgp[op[oupkufgpdopgp[op[oupku", "rating": 0, "public": false}}, {"model": "news.post", "pk": 239, "fields": {"PostAuthor": 4, "title": "YDJFDSFBSF", "positions": "PN", "category_id": 15, "data": "2021-06-27T14:47:30.139Z", "data_update": "2021-06-27T14:47:30.139Z", "photo": "/photos/def/1.jpg/", "previewName": "YDJFDSFBSFYDJFDSFBSFYDJFDSFBSFYDJFDSFBSFYDJFDSFBSFYDJFDSFBSFYDJFDSFBSFYDJFDSFBSFYDJFDSFBSFYDJFDSFBSFYDJFDSFBSF", "text": "fgpdopgp[op[oupkufgpdopgp[op[oupkufgpdopgp[op[oupkufgpdopgp[op[oupkufgpdopgp[op[oupkufgpdopgp[op[oupkufgpdopgp[op[oupkufgpdopgp[op[oupku", "rating": 0, "public": false}}, {"model": "news.post", "pk": 240, "fields": {"PostAuthor": 3, "title": "from django.utils import timezone", "positions": "PN", "category_id": 15, "data": "2021-06-27T16:00:05.138Z", "data_update": "2021-06-27T16:00:05.138Z", "photo": "/photos/def/1.jpg/", "previewName": "from django.utils import timezone", "text": "from django.utils import timezone", "rating": 0, "public": true}}, {"model": "news.post", "pk": 241, "fields": {"PostAuthor": 3, "title": "from django.utils import timezone", "positions": "PN", "category_id": 15, "data": "2021-06-27T16:00:10.449Z", "data_update": "2021-06-27T16:00:10.449Z", "photo": "/photos/def/1.jpg/", "previewName": "from django.utils import timezone", "text": "from django.utils import timezone", "rating": 0, "public": true}}, {"model": "news.post", "pk": 242, "fields": {"PostAuthor": 5, "title": "from django.utils import timezone", "positions": "PA", "category_id": 15, "data": "2021-06-27T16:04:48.552Z", "data_update": "2021-06-27T16:04:48.552Z", "photo": "/photos/def/1.jpg/", "previewName": "from django.utils import timezone", "text": "from django.utils import timezone", "rating": 0, "public": false}}, {"model": "news.post", "pk": 243, "fields": {"PostAuthor": 4, "title": "19683", "positions": "PN", "category_id": 10, "data": "2021-07-01T01:01:51.242Z", "data_update": "2021-07-01T01:01:51.242Z", "photo": "photos/2021/07/01/6bf45514-06ce-49ce-94dd-90766f98ffce.jpg", "previewName": "19683", "text": "19683", "rating": 0, "public": true}}, {"model": "news.post", "pk": 244, "fields": {"PostAuthor": 4, "title": "19683LOL", "positions": "PA", "category_id": 15, "data": "2021-07-01T01:02:45.781Z", "data_update": "2021-07-08T17:57:28.154Z", "photo": "photos/2021/07/01/113474_html_b0ad645c9ee6c734.jpg", "previewName": "19683dsfsdf", "text": "19683fdsf", "rating": 0, "public": true}}, {"model": "news.postcategory", "pk": 6, "fields": {"pcPost": 8, "pcCategory": 13}}, {"model": "news.postcategory", "pk": 7, "fields": {"pcPost": 8, "pcCategory": 10}}, {"model": "news.postcategory", "pk": 10, "fields": {"pcPost": 11, "pcCategory": 1}}, {"model": "news.postcategory", "pk": 12, "fields": {"pcPost": 22, "pcCategory": 13}}, {"model": "news.postcategory", "pk": 13, "fields": {"pcPost": 15, "pcCategory": 11}}, {"model": "news.postcategory", "pk": 14, "fields": {"pcPost": 23, "pcCategory": 10}}, {"model": "news.postcategory", "pk": 21, "fields": {"pcPost": 17, "pcCategory": 11}}, {"model": "news.postcategory", "pk": 23, "fields": {"pcPost": 30, "pcCategory": 14}}, {"model": "news.postcategory", "pk": 24, "fields": {"pcPost": 31, "pcCategory": 14}}, {"model": "news.postcategory", "pk": 28, "fields": {"pcPost": 37, "pcCategory": 10}}, {"model": "news.postcategory", "pk": 29, "fields": {"pcPost": 37, "pcCategory": 11}}, {"model": "news.postcategory", "pk": 30, "fields": {"pcPost": 37, "pcCategory": 1}}, {"model": "news.postcategory", "pk": 31, "fields": {"pcPost": 39, "pcCategory": 14}}, {"model": "news.postcategory", "pk": 32, "fields": {"pcPost": 40, "pcCategory": 14}}, {"model": "news.comment", "pk": 6, "fields": {"commentPost": 8, "commentUser": 15, "commentText": "Хорошая статья", "dataCreating": "2021-05-22T09:43:31.668Z", "rating": 2}}, {"model": "news.comment", "pk": 11, "fields": {"commentPost": 11, "commentUser": 2, "commentText": "Тестовый коммент к САЬЖЕКТ", "dataCreating": "2021-05-23T18:50:57.828Z", "rating": 0}}, {"model": "news.comment", "pk": 12, "fields": {"commentPost": 11, "commentUser": 2, "commentText": "2 ко ммент", "dataCreating": "2021-05-24T20:15:43.801Z", "rating": 0}}, {"model": "news.comment", "pk": 13, "fields": {"commentPost": 8, "commentUser": 1, "commentText": "Тест комментов1", "dataCreating": "2021-05-24T20:38:45.053Z", "rating": 0}}, {"model": "news.comment", "pk": 15, "fields": {"commentPost": 30, "commentUser": 2, "commentText": "jidfhjdfhjdfndsfkndfsfsdfsdvd", "dataCreating": "2021-06-15T23:43:53.345Z", "rating": 0}}]